ip,hostname,is_shelly,generation,device_type,model,name,mac,firmware
10.107.1.35,shelly1pmg4-a085e3bc76f8,True,Gen4,S1PMG4,S4SW-001P16EU,shelly1pmg4-a085e3bc76f8,A085E3BC76F8,1.5.99-g4prod1
10.107.1.48,shelly1pmg4-a085e3bcfb2c,True,Gen4,S1PMG4,S4SW-001P16EU,shelly1pmg4-a085e3bcfb2c,A085E3BCFB2C,1.6.2
10.107.1.21,shelly1g4-ccba97c89350,True,Gen4,S1G4,S4SW-001X16EU,shelly1g4-ccba97c89350,CCBA97C89350,1.5.99-g4prod1
10.107.1.138,shelly1g4-a085e3bd8af0,True,Gen4,S1G4,S4SW-001X16EU,shelly1g4-a085e3bd8af0,A085E3BD8AF0,1.5.99-g4prod1
10.107.1.140,shelly1g4-a085e3bcd118,True,Gen4,S1G4,S4SW-001X16EU,shelly1g4-a085e3bcd118,A085E3BCD118,1.6.2
10.107.1.192,shelly1g4-ccba97c8a17c,True,Gen4,S1G4,S4SW-001X16EU,shelly1g4-ccba97c8a17c,CCBA97C8A17C,1.6.2
10.107.1.203,shelly1g4-ccba97c8cbf8,True,Gen4,S1G4,S4SW-001X16EU,shelly1g4-ccba97c8cbf8,CCBA97C8CBF8,1.6.2
10.107.1.196,shelly1g4-ccba97c8a044,True,Gen4,S1G4,S4SW-001X16EU,shelly1g4-ccba97c8a044,CCBA97C8A044,1.6.2
10.107.1.232,shelly1pmg4-a085e3bc5718,True,Gen4,S1PMG4,S4SW-001P16EU,shelly1pmg4-a085e3bc5718,A085E3BC5718,1.6.2
10.107.1.222,shelly1pmg4-a085e3bc7444,True,Gen4,S1PMG4,S4SW-001P16EU,shelly1pmg4-a085e3bc7444,A085E3BC7444,1.6.2
